"Date","Account value"
"09/29/2020","0.00"
"09/30/2020","0.00"
"10/01/2020","0.00"
"10/02/2020","0.00"
"10/05/2020","0.00"
"10/06/2020","0.00"
"10/07/2020","0.00"
"10/08/2020","0.00"
"10/09/2020","0.00"
"10/12/2020","0.00"
"10/13/2020","0.00"
"10/14/2020","0.00"
"10/15/2020","0.00"
"10/16/2020","0.00"
"10/19/2020","0.00"
"10/20/2020","0.00"
"10/21/2020","9,748.00"
"10/22/2020","9,748.00"
"10/23/2020","9,752.59"
"10/26/2020","9,698.11"
"10/27/2020","9,730.69"
"10/28/2020","9,558.33"
"10/29/2020","9,669.77"
"10/30/2020","9,566.34"
"11/02/2020","9,672.89"
"11/03/2020","9,737.37"
"11/04/2020","15,841.79"
"11/05/2020","15,952.87"
"11/06/2020","16,035.25"
"11/09/2020","16,051.10"
"11/10/2020","15,755.13"
"11/11/2020","15,940.57"
"11/12/2020","15,933.54"
"11/13/2020","16,102.81"
"11/16/2020","16,255.87"
"11/17/2020","16,475.25"
"11/18/2020","16,295.94"
"11/19/2020","16,645.33"
"11/20/2020","16,867.95"
"11/23/2020","17,661.91"
"11/24/2020","18,094.91"
"11/25/2020","18,255.18"
"11/26/2020","18,255.18"
"11/27/2020","18,212.67"
"11/30/2020","18,384.87"
"12/01/2020","18,328.88"
"12/02/2020","18,296.13"
"12/03/2020","18,515.90"
"12/04/2020","18,538.87"
"12/07/2020","18,852.72"
"12/08/2020","18,808.35"
"12/09/2020","18,359.00"
"12/10/2020","18,717.11"
"12/11/2020","18,627.74"
"12/14/2020","18,702.72"
"12/15/2020","19,066.57"
"12/16/2020","19,284.49"
"12/17/2020","19,701.75"
"12/18/2020","19,700.28"
"12/21/2020","20,010.98"
"12/22/2020","20,244.42"
"12/23/2020","20,152.07"
"12/24/2020","19,856.33"
"12/25/2020","19,856.33"
"12/28/2020","19,918.40"
"12/29/2020","19,846.30"
"12/30/2020","20,307.47"
"12/31/2020","20,153.72"
"01/01/2021","20,153.72"
"01/04/2021","20,276.63"
"01/05/2021","20,933.56"
"01/06/2021","21,300.41"
"01/07/2021","22,200.00"
"01/08/2021","22,573.73"
"01/11/2021","29,084.32"
"01/12/2021","29,371.40"
"01/13/2021","29,336.01"
"01/14/2021","29,790.48"
"01/15/2021","28,941.37"
"01/18/2021","28,941.37"
"01/19/2021","29,499.69"
"01/20/2021","29,362.61"
"01/21/2021","29,081.36"
"01/22/2021","29,634.15"
"01/25/2021","29,563.41"
"01/26/2021","29,558.53"
"01/27/2021","30,026.32"
"01/28/2021","28,640.86"
"01/29/2021","29,431.79"
"02/01/2021","29,413.60"
"02/02/2021","28,651.99"
"02/03/2021","28,895.75"
"02/04/2021","28,735.32"
"02/05/2021","29,093.71"
"02/08/2021","30,291.03"
"02/09/2021","30,916.83"
"02/10/2021","30,390.62"
"02/11/2021","30,690.20"
"02/12/2021","30,858.15"
"02/15/2021","30,858.15"
"02/16/2021","30,972.86"
"02/17/2021","30,968.84"
"02/18/2021","29,914.84"
"02/19/2021","30,862.41"
"02/22/2021","29,495.70"
"02/23/2021","28,374.20"
"02/24/2021","28,900.28"
"02/25/2021","27,235.69"
"02/26/2021","27,037.66"
"03/01/2021","28,391.00"
"03/02/2021","27,407.21"
"03/03/2021","26,529.93"
"03/04/2021","25,422.62"
"03/05/2021","25,273.51"
"03/08/2021","24,495.99"
"03/09/2021","26,602.51"
"03/10/2021","26,556.99"
"03/11/2021","28,184.33"
"03/12/2021","28,101.59"
"03/15/2021","28,462.13"
"03/16/2021","27,752.11"
"03/17/2021","28,036.72"
"03/18/2021","26,845.62"
"03/19/2021","27,190.89"
"03/22/2021","27,206.67"
"03/23/2021","26,448.03"
"03/24/2021","25,180.40"
"03/25/2021","25,610.13"
"03/26/2021","25,585.05"
"03/29/2021","25,059.76"
"03/30/2021","25,773.94"
"03/31/2021","30,433.02"
"04/01/2021","30,800.13"
"04/02/2021","30,800.13"
"04/05/2021","30,898.71"
"04/06/2021","31,196.93"
"04/07/2021","30,653.42"
"04/08/2021","31,069.43"
"04/09/2021","30,979.08"
"04/12/2021","30,852.22"
"04/13/2021","31,390.46"
"04/14/2021","31,173.70"
"04/15/2021","31,137.99"
"04/16/2021","31,149.13"
"04/19/2021","30,665.71"
"04/20/2021","30,115.36"
"04/21/2021","30,844.77"
"04/22/2021","30,775.35"
"04/23/2021","31,436.71"
"04/26/2021","32,047.19"
"04/27/2021","31,911.40"
"04/28/2021","31,871.25"
"04/29/2021","31,545.39"
"04/30/2021","31,282.42"
"05/03/2021","31,242.13"
"05/04/2021","30,675.37"
"05/05/2021","30,674.12"
"05/06/2021","30,359.45"
"05/07/2021","30,626.70"
"05/10/2021","29,444.83"
"05/11/2021","29,680.29"
"05/12/2021","28,669.60"
"05/13/2021","28,057.55"
"05/14/2021","29,174.04"
"05/17/2021","29,265.30"
"05/18/2021","29,528.67"
"05/19/2021","29,281.46"
"05/20/2021","29,888.18"
"05/21/2021","29,760.70"
"05/24/2021","30,258.31"
"05/25/2021","30,135.90"
"05/26/2021","30,514.41"
"05/27/2021","31,068.38"
"05/28/2021","30,904.27"
"05/31/2021","30,904.27"
"06/01/2021","31,379.16"
"06/02/2021","31,502.79"
"06/03/2021","31,078.97"
"06/04/2021","31,305.94"
"06/07/2021","31,319.57"
"06/08/2021","31,241.27"
"06/09/2021","31,163.84"
"06/10/2021","31,202.46"
"06/11/2021","31,428.39"
"06/14/2021","31,547.62"
"06/15/2021","31,251.54"
"06/16/2021","31,186.30"
"06/17/2021","31,133.79"
"06/18/2021","30,734.02"
"06/21/2021","30,982.02"
"06/22/2021","30,990.01"
"06/23/2021","31,315.94"
"06/24/2021","31,836.88"
"06/25/2021","31,957.79"
"06/28/2021","32,125.08"
"06/29/2021","32,095.24"
"06/30/2021","32,032.42"
"07/01/2021","31,796.07"
"07/02/2021","31,650.11"
"07/05/2021","31,650.11"
"07/06/2021","31,264.97"
"07/07/2021","30,829.24"
"07/08/2021","30,261.90"
"07/09/2021","30,966.58"
"07/12/2021","31,109.78"
"07/13/2021","30,932.31"
"07/14/2021","30,776.59"
"07/15/2021","30,709.05"
"07/16/2021","30,252.98"
"07/19/2021","29,873.58"
"07/20/2021","30,359.18"
"07/21/2021","31,184.50"
"07/22/2021","30,894.10"
"07/23/2021","30,596.32"
"07/26/2021","30,701.81"
"07/27/2021","30,106.55"
"07/28/2021","30,671.04"
"07/29/2021","30,951.85"
"07/30/2021","30,627.95"
"08/02/2021","30,894.84"
"08/03/2021","30,952.95"
"08/04/2021","31,026.70"
"08/05/2021","31,575.98"
"08/06/2021","31,567.30"
"08/09/2021","31,908.02"
"08/10/2021","31,829.92"
"08/11/2021","31,906.52"
"08/12/2021","32,266.43"
"08/13/2021","32,041.15"
"08/16/2021","31,253.72"
"08/17/2021","31,086.44"
"08/18/2021","31,302.66"
"08/19/2021","30,954.42"
"08/20/2021","31,115.11"
"08/23/2021","31,536.04"
"08/24/2021","32,125.10"
"08/25/2021","32,205.26"
"08/26/2021","32,061.95"
"08/27/2021","32,323.22"
"08/30/2021","32,351.91"
"08/31/2021","32,595.91"
"09/01/2021","32,729.72"
"09/02/2021","32,740.53"
"09/03/2021","32,801.59"
"09/06/2021","32,801.59"
"09/07/2021","33,057.19"
"09/08/2021","32,532.04"
"09/09/2021","32,344.76"
"09/10/2021","32,268.97"
"09/13/2021","32,369.39"
"09/14/2021","32,219.30"
"09/15/2021","32,416.57"
"09/16/2021","32,541.12"
"09/17/2021","32,525.55"
"09/20/2021","31,382.15"
"09/21/2021","31,329.51"
"09/22/2021","31,941.99"
"09/23/2021","32,682.07"
"09/24/2021","32,332.98"
"09/27/2021","32,802.32"
"09/28/2021","31,802.62"
"09/29/2021","31,381.11"
"09/30/2021","31,184.95"
"10/01/2021","31,265.40"
"10/04/2021","30,293.92"
"10/05/2021","31,010.87"
"10/06/2021","30,999.56"
"10/07/2021","32,054.10"
"10/08/2021","32,257.24"
"10/11/2021","31,954.04"
"10/12/2021","32,086.82"
"10/13/2021","32,771.83"
"10/14/2021","33,073.44"
"10/15/2021","33,694.88"
"10/18/2021","33,702.92"
"10/19/2021","34,315.58"
"10/20/2021","34,163.54"
"10/21/2021","34,229.91"
"10/22/2021","34,018.26"
"10/25/2021","34,209.04"
"10/26/2021","34,115.89"
"10/27/2021","33,669.36"
"10/28/2021","34,027.19"
"10/29/2021","33,619.11"
"11/01/2021","34,218.36"
"11/02/2021","33,975.31"
"11/03/2021","34,138.21"
"11/04/2021","34,001.71"
"11/05/2021","33,930.37"
"11/08/2021","34,140.93"
"11/09/2021","33,494.20"
"11/10/2021","33,170.25"
"11/11/2021","33,172.17"
"11/12/2021","33,254.43"
"11/15/2021","33,256.03"
"11/16/2021","33,093.49"
"11/17/2021","31,865.28"
"11/18/2021","31,496.56"
"11/19/2021","31,060.02"
"11/22/2021","30,329.07"
"11/23/2021","29,839.90"
"11/24/2021","30,349.39"
"11/25/2021","30,349.39"
"11/26/2021","29,356.78"
"11/29/2021","29,535.01"
"11/30/2021","28,444.21"
"12/01/2021","27,077.18"
"12/02/2021","27,777.11"
"12/03/2021","30,022.13"
"12/06/2021","31,182.11"
"12/07/2021","32,358.13"
"12/08/2021","32,805.70"
"12/09/2021","32,006.92"
"12/10/2021","31,821.36"
"12/13/2021","31,041.48"
"12/14/2021","31,165.44"
"12/15/2021","31,062.66"
"12/16/2021","30,488.04"
"12/17/2021","30,420.25"
"12/20/2021","29,081.56"
"12/21/2021","31,099.10"
"12/22/2021","30,846.50"
"12/23/2021","31,235.09"
"12/24/2021","31,235.09"
"12/27/2021","31,256.43"
"12/28/2021","30,884.63"
"12/29/2021","30,515.62"
"12/30/2021","31,616.93"
"12/31/2021","31,184.70"
"01/03/2022","31,747.84"
"01/04/2022","31,058.22"
"01/05/2022","29,900.94"
"01/06/2022","30,678.94"
"01/07/2022","31,107.80"
"01/10/2022","30,807.49"
"01/11/2022","31,983.74"
"01/12/2022","32,318.81"
"01/13/2022","31,011.34"
"01/14/2022","30,599.68"
"01/17/2022","30,599.68"
"01/18/2022","29,287.30"
"01/19/2022","28,747.68"
"01/20/2022","28,828.10"
"01/21/2022","26,677.30"
"01/24/2022","26,028.39"
"01/25/2022","25,757.90"
"01/26/2022","24,919.71"
"01/27/2022","23,883.70"
"01/28/2022","25,185.49"
"01/31/2022","28,220.79"
"02/01/2022","29,723.36"
"02/02/2022","28,347.38"
"02/03/2022","26,906.98"
"02/04/2022","28,260.20"
"02/07/2022","27,887.29"
"02/08/2022","29,421.00"
"02/09/2022","31,349.81"
"02/10/2022","30,346.82"
"02/11/2022","28,511.63"
"02/14/2022","27,393.02"
"02/15/2022","29,834.59"
"02/16/2022","29,523.98"
"02/17/2022","27,227.60"
"02/18/2022","25,892.08"
"02/21/2022","25,892.08"
"02/22/2022","24,521.28"
"02/23/2022","23,102.67"
"02/24/2022","23,576.97"
"02/25/2022","25,161.34"
"02/28/2022","25,619.27"
"03/01/2022","23,920.20"
"03/02/2022","24,171.26"
"03/03/2022","22,178.78"
"03/04/2022","21,550.39"
"03/07/2022","19,882.51"
"03/08/2022","20,027.02"
"03/09/2022","22,444.34"
"03/10/2022","20,905.83"
"03/11/2022","18,949.74"
"03/14/2022","17,241.45"
"03/15/2022","18,222.76"
"03/16/2022","23,809.99"
"03/17/2022","24,447.71"
"03/18/2022","26,299.63"
"03/21/2022","25,194.72"
"03/22/2022","27,314.02"
"03/23/2022","26,868.07"
"03/24/2022","26,731.77"
"03/25/2022","25,916.70"
"03/28/2022","26,350.01"
"03/29/2022","28,289.27"
"03/30/2022","27,486.75"
"03/31/2022","25,932.22"
"04/01/2022","26,315.01"
"04/04/2022","28,093.54"
"04/05/2022","26,366.26"
"04/06/2022","24,915.84"
"04/07/2022","24,245.56"
"04/08/2022","24,004.56"
"04/11/2022","23,608.20"
"04/12/2022","22,802.90"
"04/13/2022","23,502.67"
"04/14/2022","22,303.97"
"04/15/2022","22,303.97"
"04/18/2022","21,826.98"
"04/19/2022","22,841.70"
"04/20/2022","21,251.77"
"04/21/2022","19,282.01"
"04/22/2022","18,147.44"
"04/25/2022","18,474.77"
"04/26/2022","16,584.73"
"04/27/2022","16,393.22"
"04/28/2022","17,865.20"
"04/29/2022","19,163.75"
"05/02/2022","20,452.00"
"05/03/2022","20,559.15"
"05/04/2022","21,875.67"
"05/05/2022","19,069.68"
"05/06/2022","17,311.84"
"05/09/2022","14,445.27"
"05/10/2022","13,940.78"
"05/11/2022","12,187.87"
"05/12/2022","12,693.86"
"05/13/2022","15,791.91"
"05/16/2022","14,970.56"
"05/17/2022","17,171.57"
"05/18/2022","15,974.44"
"05/19/2022","16,845.41"
"05/20/2022","16,598.77"
"05/23/2022","17,206.26"
"05/24/2022","15,738.96"
"05/25/2022","16,603.46"
"05/26/2022","19,066.82"
"05/27/2022","20,184.85"
"05/30/2022","20,184.85"
"05/31/2022","20,451.09"
"06/01/2022","19,340.37"
"06/02/2022","21,016.78"
"06/03/2022","19,757.90"
"06/06/2022","20,533.98"
"06/07/2022","21,590.14"
"06/08/2022","22,521.64"
"06/09/2022","20,465.39"
"06/10/2022","18,882.51"
"06/13/2022","16,092.82"
"06/14/2022","16,685.32"
"06/15/2022","18,110.05"
"06/16/2022","16,089.05"
"06/17/2022","16,925.09"
"06/20/2022","16,925.09"
"06/21/2022","18,156.38"
"06/22/2022","18,114.55"
"06/23/2022","19,353.99"
"06/24/2022","21,100.53"
"06/27/2022","20,428.12"
"06/28/2022","19,476.32"
"06/29/2022","18,893.74"
"06/30/2022","18,278.45"
"07/01/2022","18,990.94"
"07/04/2022","18,990.94"
"07/05/2022","19,978.32"
"07/06/2022","19,478.50"
"07/07/2022","20,383.42"
"07/08/2022","20,226.91"
"07/11/2022","18,755.17"
"07/12/2022","18,605.94"
"07/13/2022","18,266.70"
"07/14/2022","17,149.02"
"07/15/2022","18,049.28"
"07/18/2022","18,495.24"
"07/19/2022","19,978.89"
"07/20/2022","20,764.63"
"07/21/2022","21,411.59"
"07/22/2022","20,210.80"
"07/25/2022","20,289.42"
"07/26/2022","19,121.55"
"07/27/2022","20,759.55"
"07/28/2022","21,187.81"
"07/29/2022","20,920.99"
"08/01/2022","21,181.15"
"08/02/2022","21,706.75"
"08/03/2022","23,204.00"
"08/04/2022","23,304.90"
"08/05/2022","23,556.58"
"08/08/2022","23,048.36"
"08/09/2022","22,384.26"
"08/10/2022","23,761.08"
"08/11/2022","23,800.95"
"08/12/2022","24,309.26"
"08/15/2022","24,180.01"
"08/16/2022","23,782.61"
"08/17/2022","22,894.05"
"08/18/2022","22,735.10"
"08/19/2022","21,790.64"
"08/22/2022","21,041.36"
"08/23/2022","20,776.52"
"08/24/2022","21,109.53"
"08/25/2022","21,920.65"
"08/26/2022","20,680.01"
"08/29/2022","20,398.68"
"08/30/2022","20,308.49"
"08/31/2022","20,298.81"
"09/01/2022","20,059.91"
"09/02/2022","19,661.37"
"09/05/2022","19,661.37"
"09/06/2022","19,410.02"
"09/07/2022","20,042.26"
"09/08/2022","20,492.91"
"09/09/2022","21,331.41"
"09/12/2022","21,997.97"
"09/13/2022","20,631.42"
"09/14/2022","20,931.81"
"09/15/2022","21,129.11"
"09/16/2022","20,451.31"
"09/19/2022","20,779.65"
"09/20/2022","19,999.94"
"09/21/2022","19,566.13"
"09/22/2022","18,799.40"
"09/23/2022","18,195.65"
"09/26/2022","17,724.99"
"09/27/2022","17,751.41"
"09/28/2022","18,684.43"
"09/29/2022","18,015.69"
"09/30/2022","17,994.89"
"10/03/2022","18,456.64"
"10/04/2022","20,214.53"
"10/05/2022","20,004.95"
"10/06/2022","19,887.91"
"10/07/2022","18,918.78"
"10/10/2022","18,226.90"
"10/11/2022","17,659.98"
"10/12/2022","17,843.35"
"10/13/2022","18,132.36"
"10/14/2022","17,233.97"
"10/17/2022","18,184.76"
"10/18/2022","18,597.64"
"10/19/2022","17,830.20"
"10/20/2022","17,969.09"
"10/21/2022","18,214.61"
"10/24/2022","17,925.11"
"10/25/2022","18,947.03"
"10/26/2022","19,029.07"
"10/27/2022","19,064.12"
"10/28/2022","19,121.83"
"10/31/2022","18,902.16"
"11/01/2022","19,065.15"
"11/02/2022","18,141.64"
"11/03/2022","18,001.61"
"11/04/2022","18,176.69"
"11/07/2022","18,373.93"
"11/08/2022","18,606.35"
"11/09/2022","17,501.96"
"11/10/2022","19,572.47"
"11/11/2022","20,697.83"
"11/14/2022","20,244.38"
"11/15/2022","21,209.65"
"11/16/2022","20,484.33"
"11/17/2022","20,490.46"
"11/18/2022","20,295.00"
"11/21/2022","19,981.97"
"11/22/2022","20,077.46"
"11/23/2022","20,313.89"
"11/24/2022","20,313.89"
"11/25/2022","20,210.06"
"11/28/2022","20,032.37"
"11/29/2022","20,195.56"
"11/30/2022","20,869.58"
"12/01/2022","20,912.65"
"12/02/2022","16,877.52"
"12/05/2022","16,356.13"
"12/06/2022","16,235.03"
"12/07/2022","16,056.57"
"12/08/2022","16,306.30"
"12/09/2022","16,181.34"
"12/12/2022","16,349.84"
"12/13/2022","16,496.70"
"12/14/2022","16,366.80"
"12/15/2022","15,966.03"
"12/16/2022","15,836.33"
"12/19/2022","15,667.33"
"12/20/2022","15,653.26"
"12/21/2022","15,902.67"
"12/22/2022","15,708.92"
"12/23/2022","15,700.04"
"12/26/2022","15,700.04"
"12/27/2022","15,636.33"
"12/28/2022","15,562.31"
"12/29/2022","15,854.59"
"12/30/2022","15,806.38"
"01/02/2023","15,806.38"
"01/03/2023","15,746.22"
"01/04/2023","16,155.09"
"01/05/2023","16,086.50"
"01/06/2023","16,288.39"
"01/09/2023","16,311.63"
"01/10/2023","16,525.41"
"01/11/2023","16,723.01"
"01/12/2023","16,811.77"
"01/13/2023","16,922.09"
"01/16/2023","16,922.09"
"01/17/2023","16,945.13"
"01/18/2023","16,715.66"
"01/19/2023","16,650.69"
"01/20/2023","16,981.31"
"01/23/2023","17,284.43"
"01/24/2023","17,167.77"
"01/25/2023","17,361.68"
"01/26/2023","17,498.48"
"01/27/2023","17,538.96"
"01/30/2023","17,302.77"
"01/31/2023","17,557.96"
"02/01/2023","17,779.44"
"02/02/2023","17,907.12"
"02/03/2023","17,630.54"
"02/06/2023","17,524.83"
"02/07/2023","17,592.30"
"02/08/2023","17,589.05"
"02/09/2023","17,509.01"
"02/10/2023","17,434.29"
"02/13/2023","17,566.36"
"02/14/2023","17,931.28"
"02/15/2023","18,131.71"
"02/16/2023","18,084.77"
"02/17/2023","17,856.58"
"02/20/2023","17,856.58"
"02/21/2023","17,587.99"
"02/22/2023","17,522.87"
"02/23/2023","17,517.89"
"02/24/2023","17,367.09"
"02/27/2023","17,366.39"
"02/28/2023","17,298.26"
"03/01/2023","17,303.95"
"03/02/2023","17,379.70"
"03/03/2023","17,554.26"
"03/06/2023","17,588.10"
"03/07/2023","17,582.39"
"03/08/2023","17,576.54"
"03/09/2023","17,264.97"
"03/10/2023","17,045.53"
"03/13/2023","17,036.80"
"03/14/2023","17,115.74"
"03/15/2023","16,896.52"
"03/16/2023","17,012.05"
"03/17/2023","16,913.96"
"03/20/2023","16,956.06"
"03/21/2023","17,143.86"
"03/22/2023","17,015.96"
"03/23/2023","17,029.67"
"03/24/2023","17,007.05"
"03/27/2023","17,085.36"
"03/28/2023","17,236.39"
"03/29/2023","17,411.62"
"03/30/2023","17,528.43"
"03/31/2023","17,560.11"
"04/03/2023","17,555.77"
"04/04/2023","17,481.89"
"04/05/2023","17,428.71"
"04/06/2023","17,501.65"
"04/07/2023","17,501.65"
"04/10/2023","17,616.32"
"04/11/2023","17,747.84"
"04/12/2023","17,595.39"
"04/13/2023","17,745.77"
"04/14/2023","17,766.37"
"04/17/2023","17,806.03"
"04/18/2023","17,786.58"
"04/19/2023","15,585.84"
"04/20/2023","15,436.93"
"04/21/2023","15,430.72"
"04/24/2023","15,431.73"
"04/25/2023","15,194.21"
"04/26/2023","15,133.84"
"04/27/2023","15,230.25"
"04/28/2023","15,255.28"
"05/01/2023","15,264.52"
"05/02/2023","15,065.44"
"05/03/2023","15,057.36"
"05/04/2023","15,044.71"
"05/05/2023","15,173.05"
"05/08/2023","15,325.99"
"05/09/2023","15,694.15"
"05/10/2023","15,833.73"
"05/11/2023","15,895.12"
"05/12/2023","15,753.47"
"05/15/2023","15,896.25"
"05/16/2023","15,704.22"
"05/17/2023","15,965.28"
"05/18/2023","16,184.33"
"05/19/2023","16,187.34"
"05/22/2023","16,302.56"
"05/23/2023","16,435.85"
"05/24/2023","16,257.07"
"05/25/2023","16,250.61"
"05/26/2023","16,417.29"
"05/29/2023","16,417.29"
"05/30/2023","16,567.82"
"05/31/2023","16,484.94"
"06/01/2023","16,468.83"
"06/02/2023","16,513.48"
"06/05/2023","16,545.67"
"06/06/2023","16,695.09"
"06/07/2023","16,649.88"
"06/08/2023","16,903.29"
"06/09/2023","16,900.56"
"06/12/2023","15,034.25"
"06/13/2023","15,227.23"
"06/14/2023","15,191.95"
"06/15/2023","15,420.93"
"06/16/2023","15,369.05"
"06/19/2023","15,369.05"
"06/20/2023","15,197.36"
"06/21/2023","15,007.30"
"06/22/2023","14,866.52"
"06/23/2023","14,783.81"
"06/26/2023","14,726.80"
"06/27/2023","14,959.40"
"06/28/2023","15,061.30"
"06/29/2023","15,021.42"
"06/30/2023","15,096.97"
"07/03/2023","15,161.73"
"07/04/2023","15,161.73"
"07/05/2023","15,192.03"
"07/06/2023","14,981.50"
"07/07/2023","15,150.40"
"07/10/2023","15,367.23"
"07/11/2023","15,512.54"
"07/12/2023","15,628.86"
"07/13/2023","15,686.03"
"07/14/2023","15,557.04"
"07/17/2023","15,557.04"
"07/18/2023","15,842.08"
"07/19/2023","15,876.90"
"07/20/2023","15,782.87"
"07/21/2023","15,776.34"
"07/24/2023","15,921.29"
"07/25/2023","16,022.98"
"07/26/2023","16,120.19"
"07/27/2023","15,996.80"
"07/28/2023","16,415.16"
"07/31/2023","16,745.81"
"08/01/2023","16,693.20"
"08/02/2023","16,435.21"
"08/03/2023","16,441.23"
"08/04/2023","16,294.57"
"08/07/2023","16,289.84"
"08/08/2023","16,057.74"
"08/09/2023","15,723.34"
"08/10/2023","15,782.24"
"08/11/2023","15,750.34"
"08/14/2023","15,822.54"
"08/15/2023","15,636.49"
"08/16/2023","15,931.24"
"08/17/2023","15,656.74"
"08/18/2023","15,662.29"
"08/21/2023","15,647.39"
"08/22/2023","15,624.69"
"08/23/2023","15,749.19"
"08/24/2023","15,515.29"
"08/25/2023","15,673.44"
"08/28/2023","15,752.29"
"08/29/2023","15,944.24"
"08/30/2023","16,136.09"
"08/31/2023","15,852.59"
"09/01/2023","16,015.19"
"09/04/2023","16,015.19"
"09/05/2023","15,942.64"
"09/06/2023","15,981.19"
"09/07/2023","15,922.74"
"09/08/2023","15,910.89"
"09/11/2023","16,079.72"
"09/12/2023","16,067.92"
"09/13/2023","16,051.18"
"09/14/2023","16,095.03"
"09/15/2023","15,925.98"
"09/18/2023","15,959.17"
"09/19/2023","15,739.11"
"09/20/2023","15,598.69"
"09/21/2023","15,379.77"
"09/22/2023","15,457.51"
"09/25/2023","15,610.80"
"09/26/2023","15,483.21"
"09/27/2023","15,747.91"
"09/28/2023","16,002.47"
"09/29/2023","15,981.24"
"10/02/2023","15,847.75"
"10/03/2023","15,508.09"
"10/04/2023","15,546.73"
"10/05/2023","15,553.02"
"10/06/2023","15,749.17"
"10/09/2023","15,936.81"
"10/10/2023","16,192.40"
"10/11/2023","16,260.20"
"10/12/2023","16,158.74"
"10/13/2023","16,126.11"
"10/16/2023","16,209.33"
"10/17/2023","16,311.48"
"10/18/2023","16,148.28"
"10/19/2023","16,099.68"
"10/20/2023","15,862.28"
"10/23/2023","15,858.43"
"10/24/2023","16,010.59"
"10/25/2023","15,717.23"
"10/26/2023","15,610.07"
"10/27/2023","15,534.18"
"10/30/2023","15,490.67"
"10/31/2023","15,508.97"
"11/01/2023","15,551.32"
"11/02/2023","16,153.57"
"11/03/2023","16,448.52"
"11/06/2023","16,291.90"
"11/07/2023","16,311.97"
"11/08/2023","16,208.52"
"11/09/2023","16,024.60"
"11/10/2023","16,310.12"
"11/13/2023","16,315.57"
"11/14/2023","16,376.47"
"11/15/2023","16,465.00"
"11/16/2023","16,245.92"
"11/17/2023","16,413.34"
"11/20/2023","16,606.29"
"11/21/2023","16,384.64"
"11/22/2023","16,281.59"
"11/23/2023","16,281.59"
"11/24/2023","16,212.94"
"11/27/2023","16,209.61"
"11/28/2023","16,377.98"
"11/29/2023","16,305.07"
"11/30/2023","16,318.97"
"12/01/2023","16,431.82"
"12/04/2023","16,135.82"
"12/05/2023","16,082.11"
"12/06/2023","15,909.75"
"12/07/2023","15,954.63"
"12/08/2023","16,064.95"
"12/11/2023","16,056.79"
"12/12/2023","15,974.46"
"12/13/2023","16,111.07"
"12/14/2023","16,253.07"
"12/15/2023","16,214.61"
"12/18/2023","16,277.49"
"12/19/2023","16,475.38"
"12/20/2023","26,032.20"
"12/21/2023","26,276.47"
"12/22/2023","26,221.88"
"12/25/2023","26,221.88"
"12/26/2023","26,412.41"
"12/27/2023","26,365.71"
"12/28/2023","26,422.12"
"12/29/2023","26,294.05"
"01/01/2024","26,294.05"
"01/02/2024","25,899.08"
"01/03/2024","25,746.78"
"01/04/2024","25,694.71"
"01/05/2024","25,658.74"
"01/08/2024","26,186.86"
"01/09/2024","26,048.07"
"01/10/2024","26,165.63"
"01/11/2024","26,196.07"
"01/12/2024","26,123.71"
"01/15/2024","26,123.71"
"01/16/2024","25,922.24"
"01/17/2024","25,725.17"
"01/18/2024","25,737.67"
"01/19/2024","25,892.61"
"01/22/2024","25,917.60"
"01/23/2024","26,058.09"
"01/24/2024","26,068.82"
"01/25/2024","26,146.38"
"01/26/2024","26,302.06"
"01/29/2024","26,442.01"
"01/30/2024","26,263.50"
"01/31/2024","25,947.40"
"02/01/2024","26,151.95"
"02/02/2024","26,242.87"
"02/05/2024","26,092.65"
"02/06/2024","27,045.90"
"02/07/2024","27,208.93"
"02/08/2024","27,390.19"
"02/09/2024","27,564.13"
"02/12/2024","27,808.75"
"02/13/2024","27,338.38"
"02/14/2024","27,714.05"
"02/15/2024","28,070.41"
"02/16/2024","27,864.92"
"02/19/2024","27,864.92"
"02/20/2024","27,646.47"
"02/21/2024","27,604.52"
"02/22/2024","27,959.11"
"02/23/2024","27,805.07"
"02/26/2024","28,152.63"
"02/27/2024","28,540.63"
"02/28/2024","28,408.39"
"02/29/2024","28,657.39"
"03/01/2024","28,953.62"
"03/04/2024","28,721.54"
"03/05/2024","28,608.38"
"03/06/2024","29,166.20"
"03/07/2024","29,348.73"
"03/08/2024","29,142.34"
"03/11/2024","29,191.25"
"03/12/2024","29,224.77"
"03/13/2024","29,509.09"
"03/14/2024","29,244.66"
"03/15/2024","29,117.80"
"03/18/2024","29,248.78"
"03/19/2024","28,964.70"
"03/20/2024","29,378.77"
"03/21/2024","29,359.44"
"03/22/2024","29,213.23"
"03/25/2024","29,202.29"
"03/26/2024","29,218.99"
"03/27/2024","29,128.28"
"03/28/2024","28,979.55"
"03/29/2024","28,979.55"
"04/01/2024","29,026.68"
"04/02/2024","28,952.17"
"04/03/2024","28,867.22"
"04/04/2024","28,781.46"
"04/05/2024","28,922.93"
"04/08/2024","28,987.41"
"04/09/2024","29,020.89"
"04/10/2024","28,859.53"
"04/11/2024","28,920.97"
"04/12/2024","28,544.22"
"04/15/2024","28,226.84"
"04/16/2024","28,206.94"
"04/17/2024","28,109.41"
"04/18/2024","28,089.55"
"04/19/2024","27,873.47"
"04/22/2024","28,263.79"
"04/23/2024","28,615.80"
"04/24/2024","28,637.50"
"04/25/2024","28,610.71"
"04/26/2024","28,919.30"
"04/29/2024","29,067.71"
"04/30/2024","53,596.99"


My Account Chart balance information does not include short options value from 1/1/2017-2/23/2018 for legacy 
Scottrade accounts and may not include price corrections submitted by the exchanges after market close. 
Please see the Detailed Balances page or your account statements for complete balance information.